File Name: ,Test Description: ,Operator: ,Special Comments: ,Date and Time: 21 Dec 2020_120314,Sampling Rate (Hz): 100,
Calibration Constants,8.625 N/V,7.791 N/V,7.941 N/V
Offsets,0.000 N,0.000 N,0.000 N
Micrometer,12.800 mm,12.800 mm,12.800 mm
Time (s),LC-X (N),LC-Y(N),LC-Z (N),Angle (deg),Est. Speed (rev/s)
0.000,8.619,8.490,8.277,0.900,NaN
0.010,8.624,8.247,8.301,0.900,NaN
0.020,8.627,8.147,8.246,0.900,0.000
0.030,8.624,8.098,8.178,0.900,0.000
0.040,8.624,8.072,8.128,0.900,0.000
0.050,8.627,8.054,8.089,0.900,0.000
0.060,8.627,8.042,8.071,0.900,0.000
0.070,8.627,8.039,8.055,0.900,0.000
0.080,8.627,8.036,8.047,0.900,0.000
0.090,8.624,8.031,8.040,0.900,0.000
0.100,8.624,8.031,8.037,0.900,0.000
0.110,8.624,8.034,8.037,0.900,0.000
0.120,8.627,8.031,8.032,0.900,0.000
0.130,8.624,8.029,8.027,0.900,0.000
0.140,8.627,8.031,8.029,0.900,0.000
0.150,8.624,8.026,8.027,0.900,0.000
0.160,8.627,8.029,8.021,0.900,0.000
0.170,8.621,8.031,8.024,0.900,0.000
0.180,8.624,8.029,8.029,0.900,0.000
0.190,8.621,8.026,8.024,0.900,0.000
0.200,8.621,8.024,8.016,0.900,0.000
0.210,8.627,8.026,8.019,0.900,0.000
0.220,8.624,8.024,8.021,0.900,0.000
0.230,8.627,8.026,8.024,0.900,0.000
0.240,8.624,8.029,8.021,0.900,0.000
0.250,8.624,8.026,8.021,0.900,0.000
0.260,8.630,8.029,8.019,0.900,0.000
0.270,8.624,8.029,8.019,0.900,0.000
0.280,8.624,8.024,8.019,0.900,0.000
0.290,8.624,8.031,8.019,0.900,0.000
0.300,8.621,8.026,8.019,0.900,0.000
0.310,8.621,8.024,8.021,0.900,0.000
0.320,8.627,8.026,8.019,0.900,0.000
0.330,8.624,8.026,8.016,0.900,0.000
0.340,8.627,8.031,8.019,0.900,0.000
0.350,8.627,8.026,8.016,0.900,0.000
0.360,8.621,8.026,8.024,0.900,0.000
0.370,8.633,8.031,8.019,0.900,0.000
0.380,8.624,8.026,8.021,0.900,0.000
0.390,8.627,8.024,8.019,0.900,0.000
0.400,8.624,8.026,8.014,0.900,0.000
0.410,8.627,8.024,8.021,0.900,0.000
0.420,8.624,8.026,8.019,0.900,0.000
0.430,8.627,8.026,8.019,0.900,0.000
0.440,8.627,8.026,8.016,0.900,0.000
0.450,8.624,8.026,8.021,0.900,0.000
0.460,8.624,8.026,8.016,0.900,0.000
0.470,8.624,8.026,8.011,0.900,0.000
0.480,8.624,8.029,8.019,0.900,0.000
0.490,8.624,8.026,8.019,0.900,0.000
0.500,8.621,8.029,8.016,0.900,0.000
0.510,8.624,8.031,8.021,0.900,0.000
0.520,8.624,8.026,8.019,0.900,0.000
0.530,8.619,8.024,8.019,0.900,0.000
0.540,8.627,8.026,8.019,0.900,0.000
0.550,8.627,8.024,8.019,0.900,0.000
0.560,8.624,8.029,8.019,0.900,0.000
0.570,8.621,8.029,8.016,0.900,0.000
0.580,8.627,8.029,8.021,0.900,0.000
0.590,8.621,8.021,8.019,0.900,0.000
0.600,8.624,8.026,8.019,0.900,0.000
0.610,8.627,8.026,8.011,0.900,0.000
0.620,8.624,8.029,8.014,0.000,0.000
0.630,8.621,8.026,8.016,0.900,0.000
0.640,8.627,8.024,8.019,0.900,0.000
0.650,8.624,8.026,8.019,0.900,0.000
0.660,8.627,8.029,8.016,0.900,0.000
0.670,8.624,8.026,8.016,0.900,0.000
0.680,8.624,8.024,8.019,0.900,0.000
0.690,8.624,8.026,8.014,0.900,0.000
0.700,8.621,8.029,8.019,0.900,0.000
0.710,8.627,8.029,8.021,0.900,0.000
0.720,8.619,8.024,8.016,0.900,0.000
0.730,8.624,8.024,8.016,0.900,0.000
0.740,8.624,8.021,8.019,0.900,0.000
0.750,8.624,8.029,8.016,0.900,0.000
0.760,8.627,8.026,8.014,0.900,0.000
0.770,8.621,8.024,8.016,0.900,0.000
0.780,8.621,8.026,8.021,0.900,0.000
0.790,8.624,8.026,8.019,0.900,0.000
0.800,8.624,8.029,8.014,0.900,0.000
0.810,8.624,8.029,8.011,0.900,0.000
0.820,8.627,8.029,8.014,0.900,0.000
0.830,8.624,8.026,8.019,0.900,0.000
0.840,8.624,8.024,8.019,0.900,0.000
0.850,8.621,8.026,8.016,0.900,0.000
0.860,8.627,8.026,8.011,0.900,0.000
0.870,8.624,8.026,8.014,0.900,0.000
0.880,8.624,8.026,8.014,0.900,0.000
0.890,8.624,8.026,8.014,0.900,0.000
0.900,8.624,8.026,8.019,0.900,0.000
0.910,8.624,8.029,8.019,0.900,0.000
0.920,8.624,8.024,8.019,0.900,0.000
0.930,8.624,8.026,8.019,0.900,0.000
0.940,8.630,8.021,8.016,0.900,0.000
0.950,8.624,8.024,8.011,0.900,0.000
0.960,8.621,8.026,8.014,0.900,0.000
0.970,8.624,8.024,8.016,0.900,0.000
0.980,8.624,8.029,8.019,0.900,0.000
0.990,8.630,8.026,8.011,0.900,0.000
1.000,8.624,8.021,8.014,0.900,0.000
1.010,8.621,8.026,8.014,0.900,0.000
1.020,8.627,8.021,8.016,0.900,0.000
1.030,8.624,8.024,8.014,0.900,0.000
1.040,8.624,8.026,8.014,0.900,0.000
1.050,8.627,8.026,8.019,0.900,0.000
1.060,8.624,8.024,8.019,0.900,0.000
1.070,8.627,8.029,8.019,0.900,0.000
1.080,8.630,8.029,8.016,0.900,0.000
1.090,8.624,8.024,8.016,0.900,0.000
1.100,8.624,8.024,8.016,0.900,0.000
1.110,8.630,8.029,8.019,0.900,0.000
1.120,8.627,8.024,8.016,0.900,0.000
1.130,8.630,8.026,8.016,0.900,0.000
1.140,8.624,8.024,8.014,0.900,0.000
1.150,8.624,8.024,8.014,0.900,0.000
1.160,8.621,8.026,8.014,0.900,0.000
1.170,8.627,8.026,8.019,0.900,0.000
1.180,8.627,8.029,8.016,0.900,0.000
1.190,8.624,8.026,8.019,0.900,0.000
1.200,8.630,8.024,8.014,0.900,0.000
1.210,8.621,8.024,8.019,0.900,0.000
1.220,8.627,8.029,8.014,0.000,0.000
1.230,8.619,8.026,8.016,0.900,0.000
1.240,8.624,8.026,8.024,0.900,0.000
1.250,8.624,8.026,8.021,0.900,0.000
1.260,8.630,8.026,8.019,0.900,0.000
1.270,8.624,8.021,8.016,0.900,0.000
1.280,8.621,8.029,8.014,0.900,0.000
1.290,8.624,8.024,8.011,0.900,0.000
1.300,8.624,8.024,8.014,0.900,0.000
1.310,8.624,8.024,8.019,0.900,0.000
1.320,8.624,8.026,8.016,0.900,0.000
1.330,8.624,8.024,8.021,0.900,0.000
1.340,8.624,8.024,8.016,0.900,0.000
1.350,8.624,8.026,8.019,0.900,0.000
1.360,8.624,8.024,8.014,0.900,0.000
1.370,8.624,8.029,8.014,0.900,0.000
1.380,8.627,8.029,8.016,0.900,0.000
1.390,8.627,8.029,8.019,0.900,0.000
1.400,8.624,8.024,8.016,0.900,0.000
1.410,8.624,8.024,8.014,0.900,0.000
1.420,8.621,8.026,8.014,0.900,0.000
1.430,8.621,8.026,8.016,0.900,0.000
1.440,8.627,8.029,8.019,0.900,0.000
1.450,8.624,8.021,8.019,0.900,0.000
1.460,8.627,8.026,8.014,0.900,0.000
1.470,8.624,8.024,8.014,0.900,0.000
1.480,8.624,8.024,8.016,0.900,0.000
1.490,8.627,8.024,8.011,0.900,0.000
1.500,8.621,8.024,8.014,0.900,0.000
1.510,8.621,8.026,8.016,0.900,0.000
1.520,8.627,8.021,8.016,0.900,0.000
1.530,8.627,8.021,8.016,0.900,0.000
1.540,8.624,8.026,8.016,0.900,0.000
1.550,8.624,8.024,8.016,0.900,0.000
1.560,8.627,8.024,8.011,0.900,0.000
1.570,8.624,8.026,8.019,0.900,0.000
1.580,8.624,8.029,8.014,0.900,0.000
1.590,8.627,8.024,8.019,0.900,0.000
1.600,8.621,8.024,8.016,0.900,0.000
1.610,8.624,8.029,8.016,0.900,0.000
1.620,8.627,8.021,8.016,0.900,0.000
1.630,8.624,8.024,8.016,0.900,0.000
1.640,8.624,8.024,8.019,0.900,0.000
1.650,8.624,8.026,8.019,0.900,0.000
1.660,8.621,8.024,8.016,0.900,0.000
1.670,8.624,8.026,8.016,0.900,0.000
1.680,8.621,8.026,8.016,0.900,0.000
1.690,8.630,8.026,8.014,0.900,0.000
1.700,8.624,8.024,8.016,0.900,0.000
1.710,8.624,8.026,8.019,0.900,0.000
1.720,8.624,8.029,8.016,0.900,0.000
1.730,8.630,8.021,8.014,0.900,0.000
1.740,8.624,8.024,8.016,0.900,0.000
1.750,8.624,8.026,8.016,0.900,0.000
1.760,8.627,8.026,8.016,0.900,0.000
1.770,8.624,8.029,8.021,0.900,0.000
1.780,8.624,8.026,8.021,0.900,0.000
1.790,8.621,8.024,8.016,0.900,0.000
1.800,8.624,8.024,8.014,0.900,0.000
1.810,8.624,8.029,8.016,0.900,0.000
1.820,8.624,8.026,8.016,0.900,0.000
1.830,0.000,0.000,0.000,0.900,0.000
1.840,8.627,8.026,8.014,0.900,0.000
1.850,8.627,8.026,8.021,0.900,0.000
1.860,8.621,8.029,8.019,0.900,0.000
1.870,8.624,8.024,8.016,0.900,0.000
1.880,8.619,8.024,8.014,0.900,0.000
1.890,8.630,8.024,8.014,0.900,0.000
1.900,8.624,8.026,8.016,0.900,0.000
1.910,8.624,8.026,8.016,0.900,0.000
1.920,8.619,8.024,8.016,0.900,0.000
1.930,8.624,8.024,8.016,0.900,0.000
1.940,8.624,8.024,8.016,0.900,0.000
1.950,8.627,8.026,8.011,0.900,0.000
1.960,8.624,8.029,8.016,0.900,0.000
1.970,8.621,8.021,8.014,0.900,0.000
1.980,8.624,8.029,8.016,0.900,0.000
1.990,8.621,8.024,8.019,0.900,0.000
2.000,8.624,8.026,8.014,0.900,0.000
2.010,8.624,8.026,8.014,0.900,0.000
2.020,8.624,8.021,8.014,0.900,0.000
2.030,8.624,8.026,8.014,0.900,0.000
2.040,8.624,8.021,8.016,0.900,0.000
2.050,8.627,8.024,8.016,0.900,0.000
2.060,8.621,8.026,8.016,0.900,0.000
2.070,8.621,8.021,8.016,0.900,0.000
2.080,8.630,8.021,8.014,0.900,0.000
2.090,8.627,8.024,8.014,0.900,0.000
2.100,8.627,8.024,8.011,0.900,0.000
2.110,8.627,8.021,8.014,0.900,0.000
2.120,8.627,8.026,8.014,0.900,0.000
2.130,8.624,8.026,8.016,0.900,0.000
2.140,8.624,8.026,8.014,0.900,0.000
2.150,8.621,8.026,8.016,0.900,0.000
2.160,8.627,8.024,8.016,0.900,0.000
2.170,8.621,8.026,8.011,0.900,0.000
2.180,8.627,8.031,8.011,0.900,0.000
2.190,8.624,8.024,8.016,0.900,0.000
2.200,8.624,8.021,8.011,0.900,0.000
2.210,8.627,8.024,8.014,0.900,0.000
2.220,8.621,8.024,8.014,0.900,0.000
2.230,8.624,8.021,8.014,0.900,0.000
2.240,8.627,8.024,8.016,0.900,0.000
2.250,8.627,8.026,8.019,0.900,0.000
2.260,8.621,8.026,8.019,0.900,0.000
2.270,8.627,8.024,8.019,0.900,0.000
2.280,8.630,8.021,8.016,0.900,0.000
2.290,8.621,8.026,8.014,0.900,0.000
2.300,8.627,8.024,8.014,0.900,0.000
2.310,8.630,8.029,8.019,0.900,0.000
2.320,8.627,8.026,8.021,0.900,0.000
2.330,8.624,8.019,8.019,0.900,0.000
2.340,8.621,8.021,8.014,0.900,0.000
2.350,8.624,8.024,8.016,0.900,0.000
2.360,8.624,8.024,8.014,0.900,0.000
2.370,8.619,8.026,8.016,0.900,0.000
2.380,8.621,8.024,8.019,0.900,0.000
2.390,8.624,8.024,8.019,0.900,0.000
2.400,8.621,8.021,8.014,0.900,0.000
2.410,8.624,8.021,8.014,0.900,0.000
2.420,8.621,8.024,8.016,0.900,0.000
2.430,8.621,8.024,8.014,0.900,0.000
2.440,8.630,8.024,8.014,0.900,0.000
2.450,8.627,8.026,8.019,0.900,0.000
2.460,8.624,8.024,8.016,0.900,0.000
2.470,8.627,8.024,8.011,0.900,0.000
2.480,8.621,8.026,8.016,0.900,0.000
2.490,8.624,8.024,8.016,0.900,0.000
2.500,8.621,8.024,8.011,0.900,0.000
2.510,8.621,8.024,8.016,0.900,0.000
2.520,8.627,8.024,8.019,0.900,0.000
2.530,8.627,8.029,8.014,0.900,0.000
2.540,8.627,8.024,8.014,0.900,0.000
2.550,8.624,8.024,8.014,0.900,0.000
2.560,8.627,8.024,8.014,0.900,0.000
2.570,8.624,8.026,8.014,0.900,0.000
2.580,8.624,8.029,8.016,0.900,0.000
2.590,8.630,8.026,8.019,0.900,0.000
2.600,8.624,8.024,8.019,0.900,0.000
2.610,8.624,8.024,8.016,0.900,0.000
2.620,8.624,8.024,8.011,0.900,0.000
2.630,8.624,8.026,8.014,0.900,0.000
2.640,8.624,8.026,8.014,0.900,0.000
2.650,8.624,8.026,8.019,0.900,0.000
2.660,8.624,8.024,8.016,0.900,0.000
2.670,8.627,8.024,8.014,0.900,0.000
2.680,8.624,8.024,8.014,0.900,0.000
2.690,8.627,8.026,8.014,0.900,0.000
2.700,8.624,8.024,8.011,0.900,0.000
2.710,8.621,8.024,8.016,0.900,0.000
2.720,8.630,8.024,8.016,0.900,0.000
2.730,8.621,8.026,8.016,0.900,0.000
2.740,8.621,8.024,8.014,0.900,0.000
2.750,8.624,8.024,8.016,0.900,0.000
2.760,8.624,8.024,8.011,0.900,0.000
2.770,8.624,8.026,8.014,0.900,0.000
2.780,8.630,8.029,8.016,0.900,0.000
2.790,8.624,8.026,8.016,0.900,0.000
2.800,8.627,8.029,8.014,0.900,0.000
2.810,8.624,8.024,8.016,0.900,0.000
2.820,8.624,8.024,8.019,0.900,0.000
2.830,8.621,8.021,8.014,0.900,0.000
2.840,8.624,8.024,8.014,0.900,0.000
2.850,8.624,8.021,8.019,0.900,0.000
2.860,8.627,8.024,8.014,0.900,0.000
2.870,8.624,8.026,8.019,0.900,0.000
2.880,8.627,8.026,8.014,0.900,0.000
2.890,8.624,8.029,8.016,0.900,0.000
2.900,8.624,8.021,8.011,0.900,0.000
2.910,8.624,8.024,8.014,0.900,0.000
2.920,8.624,8.026,8.019,0.900,0.000
2.930,8.627,8.026,8.016,0.900,0.000
2.940,8.627,8.024,8.016,0.900,0.000
2.950,8.627,8.021,8.014,0.900,0.000
2.960,8.627,8.021,8.016,0.900,0.000
2.970,8.624,8.026,8.016,0.900,0.000
2.980,8.621,8.024,8.016,0.900,0.000
2.990,8.624,8.029,8.019,0.900,0.000
3.000,8.624,8.024,8.014,0.900,0.000
3.010,8.619,8.024,8.014,0.900,0.000
3.020,8.624,8.024,8.014,0.900,0.000
3.030,8.624,8.024,8.014,0.900,0.000
3.040,8.621,8.026,8.014,0.900,0.000
3.050,8.624,8.026,8.014,0.900,0.000
3.060,8.624,8.024,8.014,0.900,0.000
3.070,8.624,8.021,8.014,0.900,0.000
3.080,8.624,8.024,8.014,0.900,0.000
3.090,8.621,8.024,8.014,0.900,0.000
3.100,8.630,8.026,8.014,0.900,0.000
3.110,8.627,8.029,8.014,0.900,0.000
3.120,8.624,8.029,8.016,0.900,0.000
3.130,8.624,8.026,8.019,0.900,0.000
3.140,8.621,8.026,8.016,0.900,0.000
3.150,8.624,8.026,8.016,0.900,0.000
3.160,8.627,8.024,8.014,0.900,0.000
3.170,8.627,8.026,8.011,0.900,0.000
3.180,8.624,8.031,8.019,0.900,0.000
3.190,8.624,8.024,8.016,0.900,0.000
3.200,8.627,8.024,8.019,0.900,0.000
3.210,8.627,8.024,8.011,0.900,0.000
3.220,8.627,8.024,8.016,0.900,0.000
3.230,8.624,8.021,8.011,0.900,0.000
3.240,8.627,8.026,8.016,0.900,0.000
3.250,8.624,8.024,8.016,0.900,0.000
3.260,8.621,8.021,8.014,0.900,0.000
3.270,8.624,8.021,8.016,0.900,0.000
3.280,8.627,8.026,8.016,0.900,0.000
3.290,8.624,8.021,8.016,0.900,0.000
3.300,8.627,8.024,8.011,0.900,0.000
3.310,8.624,8.026,8.011,0.900,0.000
3.320,8.624,8.024,8.014,0.900,0.000
3.330,8.627,8.024,8.016,0.900,0.000
3.340,8.624,8.026,8.011,0.900,0.000
3.350,8.624,8.021,8.019,0.900,0.000
3.360,8.624,8.024,8.016,0.900,0.000
3.370,8.621,8.021,8.016,0.900,0.000
3.380,8.630,8.024,8.016,0.900,0.000
3.390,8.621,8.026,8.019,0.900,0.000
3.400,8.624,8.026,8.011,0.900,0.000
3.410,8.621,8.026,8.014,0.900,0.000
3.420,8.627,8.024,8.014,0.900,0.000
3.430,8.624,8.024,8.011,0.900,0.000
3.440,8.627,8.026,8.016,0.900,0.000
3.450,8.624,8.026,8.016,0.900,0.000
3.460,8.624,8.024,8.014,0.900,0.000
3.470,8.624,8.024,8.014,0.900,0.000
3.480,8.624,8.024,8.014,0.900,0.000
3.490,8.627,8.026,8.014,0.900,0.000
3.500,8.619,8.024,8.014,0.900,0.000
3.510,8.624,8.024,8.019,0.900,0.000
3.520,8.621,8.026,8.016,0.900,0.000
3.530,8.627,8.029,8.014,0.900,0.000
3.540,8.627,8.021,8.011,0.900,0.000
3.550,8.621,8.026,8.016,0.900,0.000
3.560,8.627,8.026,8.011,0.900,0.000
3.570,8.627,8.024,8.014,0.900,0.000
3.580,8.624,8.024,8.014,0.900,0.000
3.590,8.621,8.026,8.016,0.900,0.000
3.600,8.627,8.021,8.016,0.900,0.000
3.610,8.627,8.026,8.014,0.900,0.000
3.620,8.624,8.024,8.014,0.900,0.000
3.630,8.627,8.024,8.014,0.900,0.000
3.640,8.621,8.024,8.016,0.000,0.000
3.650,8.624,8.026,8.016,0.900,0.000
3.660,8.624,8.029,8.019,0.900,0.000
3.670,8.619,8.024,8.011,0.900,0.000
3.680,8.624,8.021,8.014,0.900,0.000
3.690,8.621,8.026,8.014,0.900,0.000
3.700,8.624,8.026,8.016,0.900,0.000
3.710,8.621,8.026,8.016,0.900,0.000
3.720,8.624,8.026,8.019,0.900,0.000
3.730,8.627,8.024,8.016,0.900,0.000
3.740,8.627,8.026,8.014,0.900,0.000
3.750,8.621,8.021,8.014,0.900,0.000
3.760,8.627,8.026,8.014,0.900,0.000
3.770,8.627,8.024,8.016,0.900,0.000
3.780,8.624,8.029,8.019,0.900,0.000
3.790,8.624,8.026,8.016,0.900,0.000
3.800,8.624,8.024,8.014,0.900,0.000
3.810,8.624,8.021,8.019,0.900,0.000
3.820,8.624,8.029,8.011,0.900,0.000
3.830,8.624,8.024,8.014,0.900,0.000
3.840,8.624,8.026,8.016,0.900,0.000
3.850,8.624,8.021,8.016,0.900,0.000
3.860,8.621,8.024,8.019,0.900,0.000
3.870,8.627,8.024,8.014,0.900,0.000
3.880,8.627,8.024,8.014,0.900,0.000
3.890,8.624,8.029,8.014,0.900,0.000
3.900,8.624,8.024,8.014,0.900,0.000
3.910,8.624,8.024,8.016,0.900,0.000
3.920,8.624,8.026,8.014,0.900,0.000
3.930,8.624,8.019,8.016,0.900,0.000
3.940,8.627,8.024,8.014,0.900,0.000
3.950,8.624,8.024,8.014,0.900,0.000
3.960,8.630,8.021,8.008,0.900,0.000
3.970,8.627,8.021,8.008,0.900,0.000
3.980,8.624,8.024,8.014,0.900,0.000
3.990,8.621,8.026,8.019,0.900,0.000
4.000,8.624,8.024,8.011,0.900,0.000
4.010,8.627,8.024,8.011,0.900,0.000
4.020,8.627,8.026,8.016,0.900,0.000
4.030,8.627,8.021,8.011,0.900,0.000
4.040,8.624,8.026,8.011,0.900,0.000
4.050,8.630,8.026,8.011,0.900,0.000
4.060,8.627,8.026,8.016,0.900,0.000
4.070,8.627,8.024,8.011,0.900,0.000
4.080,8.627,8.021,8.014,0.900,0.000
4.090,8.624,8.024,8.014,0.900,0.000
4.100,8.624,8.024,8.016,0.900,0.000
4.110,8.627,8.021,8.016,0.900,0.000
4.120,8.621,8.024,8.021,0.900,0.000
4.130,8.630,8.026,8.014,0.900,0.000
4.140,8.624,8.024,8.016,0.900,0.000
4.150,8.627,8.024,8.016,0.900,0.000
4.160,8.624,8.024,8.016,0.900,0.000
4.170,8.621,8.021,8.016,0.900,0.000
4.180,8.621,8.026,8.016,0.900,0.000
4.190,8.621,8.024,8.016,0.900,0.000
4.200,8.621,8.026,8.016,0.900,0.000
4.210,8.627,8.024,8.014,0.900,0.000
4.220,8.633,8.024,8.019,0.900,0.000
4.230,8.621,8.024,8.019,0.900,0.000
4.240,8.624,8.024,8.016,0.900,0.000
4.250,0.000,0.000,0.000,0.900,0.000
4.260,8.624,8.024,8.016,0.900,0.000
4.270,8.627,8.024,8.019,0.900,0.000
4.280,8.624,8.024,8.014,0.900,0.000
4.290,8.624,8.021,8.014,0.900,0.000
4.300,8.627,8.021,8.014,0.900,0.000
4.310,8.627,8.024,8.016,0.900,0.000
4.320,8.624,8.026,8.014,0.900,0.000
4.330,8.624,8.024,8.014,0.900,0.000
4.340,8.627,8.024,8.016,0.900,0.000
4.350,8.624,8.021,8.014,0.900,0.000
4.360,8.624,8.021,8.014,0.900,0.000
4.370,8.624,8.024,8.011,0.900,0.000
4.380,8.621,8.024,8.011,0.900,0.000
4.390,8.630,8.024,8.019,0.900,0.000
4.400,8.624,8.024,8.016,0.900,0.000
4.410,8.627,8.026,8.014,0.900,0.000
4.420,8.624,8.026,8.011,0.900,0.000
4.430,8.624,8.024,8.014,0.900,0.000
4.440,8.627,8.024,8.014,0.900,0.000
4.450,8.627,8.029,8.014,0.900,0.000
4.460,8.624,8.026,8.019,0.900,0.000
4.470,8.624,8.024,8.016,0.900,0.000
4.480,8.621,8.026,8.016,0.900,0.000
4.490,8.624,8.024,8.014,0.900,0.000
4.500,8.624,8.021,8.019,0.900,0.000
4.510,8.627,8.021,8.014,0.900,0.000
4.520,8.621,8.021,8.014,0.900,0.000
4.530,8.627,8.021,8.019,0.900,0.000
4.540,8.624,8.024,8.019,0.900,0.000
4.550,8.627,8.024,8.016,0.900,0.000
4.560,8.627,8.026,8.014,0.900,0.000
4.570,8.621,8.024,8.014,0.900,0.000
4.580,8.627,8.021,8.011,0.900,0.000
4.590,8.627,8.026,8.016,0.900,0.000
4.600,8.624,8.026,8.019,0.900,0.000
4.610,8.627,8.024,8.016,0.900,0.000
4.620,8.630,8.026,8.014,0.900,0.000
4.630,8.624,8.026,8.014,0.900,0.000
4.640,8.621,8.024,8.014,0.900,0.000
4.650,8.627,8.024,8.016,0.900,0.000
4.660,8.624,8.024,8.019,0.900,0.000
4.670,8.624,8.024,8.016,0.900,0.000
4.680,8.624,8.021,8.019,0.900,0.000
4.690,8.624,8.026,8.014,0.900,0.000
4.700,8.624,8.026,8.011,0.900,0.000
4.710,8.624,8.026,8.014,0.900,0.000
4.720,8.621,8.021,8.019,0.900,0.000
4.730,8.627,8.024,8.016,0.900,0.000
4.740,8.624,8.026,8.014,0.900,0.000
4.750,8.624,8.021,8.014,0.900,0.000
4.760,8.624,8.024,8.014,0.900,0.000
4.770,8.621,8.026,8.011,0.900,0.000
4.780,8.627,8.021,8.016,0.900,0.000
4.790,8.621,8.024,8.019,0.900,0.000
4.800,8.621,8.026,8.019,0.900,0.000
4.810,8.621,8.021,8.014,0.900,0.000
4.820,8.624,8.021,8.014,0.900,0.000
4.830,8.624,8.024,8.016,0.900,0.000
4.840,8.624,8.026,8.011,0.900,0.000
4.850,8.627,8.026,8.011,0.900,0.000
4.860,8.621,8.021,8.014,0.900,0.000
4.870,8.621,8.026,8.019,0.900,0.000
4.880,8.627,8.026,8.011,0.900,0.000
4.890,8.627,8.021,8.011,0.900,0.000
4.900,8.624,8.026,8.014,0.900,0.000
4.910,8.621,8.021,8.011,0.900,0.000
4.920,8.627,8.026,8.011,0.900,0.000
4.930,8.621,8.024,8.016,0.900,0.000
4.940,8.627,8.021,8.019,0.900,0.000
4.950,8.624,8.021,8.011,0.900,0.000
4.960,8.624,8.026,8.014,0.900,0.000
4.970,8.621,8.024,8.011,0.900,0.000
4.980,8.624,8.021,8.014,0.900,0.000
4.990,8.624,8.024,8.016,0.900,0.000
5.000,8.624,8.021,8.014,0.900,0.000
5.010,8.621,8.024,8.011,0.900,0.000
5.020,8.621,8.024,8.014,0.900,0.000
5.030,8.624,8.024,8.014,0.900,0.000
5.040,8.624,8.024,8.011,0.900,0.000
5.050,8.624,8.026,8.016,0.900,0.000
5.060,8.624,8.026,8.016,0.900,0.000
5.070,8.621,8.021,8.016,0.900,0.000
5.080,8.627,8.024,8.019,0.900,0.000
5.090,8.621,8.021,8.011,0.900,0.000
5.100,8.624,8.026,8.016,0.900,0.000
5.110,8.624,8.029,8.014,0.900,0.000
5.120,8.630,8.024,8.011,0.900,0.000
5.130,8.621,8.021,8.019,0.900,0.000
5.140,8.621,8.026,8.014,0.900,0.000
5.150,8.627,8.026,8.014,0.900,0.000
5.160,8.624,8.021,8.011,0.900,0.000
5.170,8.624,8.021,8.014,0.900,0.000
5.180,8.621,8.024,8.014,0.900,0.000
5.190,8.624,8.026,8.016,0.900,0.000
5.200,8.624,8.026,8.016,0.900,0.000
5.210,8.624,8.021,8.014,0.900,0.000
5.220,8.624,8.024,8.014,0.900,0.000
5.230,8.624,8.024,8.011,0.900,0.000
5.240,8.624,8.024,8.011,0.900,0.000
5.250,8.624,8.024,8.014,0.900,0.000
5.260,8.633,8.026,8.014,0.900,0.000
5.270,8.630,8.024,8.014,0.900,0.000
5.280,8.624,8.026,8.016,0.900,0.000
5.290,8.624,8.026,8.014,0.900,0.000
5.300,8.624,8.024,8.014,0.900,0.000
5.310,8.624,8.024,8.016,0.900,0.000
5.320,8.621,8.026,8.016,0.900,0.000
5.330,8.624,8.024,8.016,0.900,0.000
5.340,8.621,8.026,8.014,0.900,0.000
5.350,8.624,8.024,8.016,0.900,0.000
5.360,8.627,8.024,8.011,0.900,0.000
5.370,8.621,8.024,8.014,0.900,0.000
5.380,8.621,8.026,8.016,0.900,0.000
5.390,8.627,8.024,8.014,0.900,0.000
5.400,8.624,8.029,8.019,0.900,0.000
5.410,8.624,8.021,8.016,0.900,0.000
5.420,8.627,8.026,8.011,0.900,0.000
5.430,8.621,8.021,8.014,0.900,0.000
5.440,8.624,8.021,8.011,0.900,0.000
5.450,8.630,8.024,8.016,0.900,0.000
5.460,8.627,8.024,8.014,0.900,0.000
5.470,8.624,8.026,8.014,0.900,0.000
5.480,8.621,8.026,8.016,0.900,0.000
5.490,8.630,8.024,8.016,0.900,0.000
5.500,8.624,8.021,8.011,0.900,0.000
5.510,8.624,8.024,8.008,0.900,0.000
5.520,8.627,8.029,8.016,0.900,0.000
5.530,8.624,8.024,8.019,0.900,0.000
5.540,8.621,8.024,8.014,0.900,0.000
5.550,8.624,8.021,8.019,0.900,0.000
5.560,8.627,8.026,8.014,0.900,0.000
5.570,8.624,8.026,8.016,0.900,0.000
5.580,8.624,8.026,8.014,0.900,0.000
5.590,8.621,8.029,8.014,0.900,0.000
5.600,8.624,8.024,8.014,0.900,0.000
5.610,8.624,8.024,8.016,0.900,0.000
5.620,8.627,8.024,8.014,0.900,0.000
5.630,8.624,8.021,8.011,0.900,0.000
5.640,8.627,8.026,8.011,0.900,0.000
5.650,8.624,8.024,8.014,0.900,0.000
5.660,8.624,8.021,8.014,0.900,0.000
5.670,8.624,8.024,8.019,0.900,0.000
5.680,8.624,8.021,8.011,0.900,0.000
5.690,8.624,8.026,8.011,0.900,0.000
5.700,8.627,8.024,8.016,0.900,0.000
5.710,8.627,8.024,8.014,0.900,0.000
5.720,8.621,8.021,8.014,0.900,0.000
5.730,8.624,8.026,8.019,0.900,0.000
5.740,8.621,8.024,8.019,0.900,0.000
5.750,8.624,8.021,8.014,0.900,0.000
5.760,8.624,8.024,8.011,0.900,0.000
5.770,8.627,8.024,8.008,0.900,0.000
5.780,8.619,8.026,8.016,0.900,0.000
5.790,8.624,8.026,8.016,0.900,0.000
5.800,8.627,8.026,8.014,0.900,0.000
5.810,8.624,8.024,8.011,0.900,0.000
5.820,8.621,8.026,8.014,0.900,0.000
5.830,8.621,8.024,8.014,0.900,0.000
5.840,8.619,8.024,8.014,0.900,0.000
5.850,8.627,8.026,8.016,0.900,0.000
5.860,8.627,8.026,8.016,0.900,0.000
5.870,8.630,8.026,8.016,0.900,0.000
5.880,8.624,8.024,8.011,0.900,0.000
5.890,8.627,8.029,8.016,0.900,0.000
5.900,8.627,8.021,8.014,0.900,0.000
5.910,8.624,8.024,8.014,0.900,0.000
5.920,8.624,8.021,8.016,0.900,0.000
5.930,8.624,8.026,8.021,0.900,0.000
5.940,8.624,8.019,8.019,0.900,0.000
5.950,8.627,8.029,8.011,0.900,0.000
5.960,8.627,8.024,8.014,0.900,0.000
5.970,8.619,8.024,8.014,0.900,0.000
5.980,8.627,8.024,8.016,0.900,0.000
5.990,8.627,8.024,8.016,0.900,0.000
6.000,8.624,8.024,8.016,0.900,0.000
6.010,8.630,8.026,8.014,0.900,0.000
6.020,8.627,8.024,8.011,0.900,0.000
6.030,8.624,8.026,8.014,0.900,0.000
6.040,8.621,8.029,8.008,0.900,0.000
6.050,8.624,8.024,8.019,0.900,0.000
6.060,0.000,0.000,0.000,0.900,0.000
6.070,8.621,8.024,8.014,0.900,0.000
6.080,8.627,8.024,8.021,0.900,0.000
6.090,8.627,8.026,8.011,0.900,0.000
6.100,8.624,8.024,8.014,0.900,0.000
6.110,8.621,8.024,8.014,0.900,0.000
6.120,8.624,8.026,8.011,0.900,0.000
6.130,8.624,8.021,8.014,0.900,0.000
6.140,8.627,8.026,8.016,0.900,0.000
6.150,8.624,8.024,8.011,0.900,0.000
6.160,8.624,8.026,8.014,0.900,0.000
6.170,8.624,8.024,8.011,0.900,0.000
6.180,8.621,8.024,8.016,0.900,0.000
6.190,8.630,8.026,8.014,0.900,0.000
6.200,8.621,8.024,8.014,0.900,0.000
6.210,8.624,8.024,8.016,0.900,0.000
6.220,8.624,8.026,8.016,0.900,0.000
6.230,8.624,8.024,8.014,0.900,0.000
6.240,8.624,8.026,8.014,0.900,0.000
6.250,8.621,8.021,8.016,0.900,0.000
6.260,8.624,8.019,8.014,0.900,0.000
6.270,8.630,8.024,8.016,0.900,0.000
6.280,8.624,8.026,8.014,0.900,0.000
6.290,8.624,8.026,8.014,0.900,0.000
6.300,8.624,8.026,8.014,0.900,0.000
6.310,8.624,8.024,8.014,0.900,0.000
6.320,8.624,8.024,8.014,0.900,0.000
6.330,8.624,8.024,8.011,0.900,0.000
6.340,8.624,8.024,8.016,0.900,0.000
6.350,8.624,8.026,8.016,0.900,0.000
6.360,8.627,8.024,8.014,0.900,0.000
6.370,8.621,8.024,8.011,0.900,0.000
6.380,8.624,8.024,8.014,0.900,0.000
6.390,8.624,8.024,8.011,0.900,0.000
6.400,8.627,8.024,8.016,0.900,0.000
6.410,8.630,8.024,8.019,0.900,0.000
6.420,8.624,8.024,8.008,0.900,0.000
6.430,8.624,8.021,8.014,0.900,0.000
6.440,8.627,8.029,8.014,0.900,0.000
6.450,8.624,8.024,8.011,0.900,0.000
6.460,8.619,8.019,8.014,0.900,0.000
6.470,8.621,8.024,8.016,0.900,0.000
6.480,8.624,8.024,8.016,0.900,0.000
6.490,8.621,8.024,8.011,0.900,0.000
6.500,8.624,8.024,8.014,0.900,0.000
6.510,8.624,8.021,8.016,0.900,0.000
6.520,8.624,8.026,8.016,0.900,0.000
6.530,8.619,8.024,8.016,0.900,0.000
6.540,8.627,8.029,8.019,0.900,0.000
6.550,8.624,8.024,8.014,0.900,0.000
6.560,8.627,8.024,8.014,0.900,0.000
6.570,8.624,8.024,8.014,0.900,0.000
6.580,8.624,8.024,8.016,0.900,0.000
6.590,8.627,8.026,8.014,0.900,0.000
6.600,8.627,8.019,8.019,0.900,0.000
6.610,8.624,8.024,8.014,0.900,0.000
6.620,8.624,8.026,8.011,0.900,0.000
6.630,8.624,8.021,8.011,0.900,0.000
6.640,8.627,8.026,8.016,0.900,0.000
6.650,8.633,8.021,8.014,0.900,0.000
6.660,8.627,8.024,8.016,0.000,0.000
6.670,8.621,8.026,8.019,0.000,0.000
6.680,8.624,8.026,8.021,0.900,0.000
6.690,8.630,8.024,8.016,0.900,0.000
6.700,8.627,8.024,8.016,0.900,0.000
6.710,8.630,8.026,8.014,0.900,0.000
6.720,8.627,8.026,8.008,0.900,0.000
6.730,8.621,8.024,8.011,0.900,0.000
6.740,8.624,8.024,8.019,0.900,0.000
6.750,8.627,8.024,8.016,0.900,0.000
6.760,8.627,8.021,8.014,0.900,0.000
6.770,8.621,8.024,8.016,0.900,0.000
6.780,8.627,8.024,8.016,0.900,0.000
6.790,8.624,8.026,8.014,0.900,0.000
6.800,8.624,8.024,8.016,0.900,0.000
6.810,8.624,8.026,8.016,0.900,0.000
6.820,8.624,8.024,8.014,0.900,0.000
6.830,8.624,8.021,8.008,0.900,0.000
6.840,8.627,8.029,8.014,0.900,0.000
6.850,8.624,8.026,8.016,0.900,0.000
6.860,8.621,8.024,8.014,0.900,0.000
6.870,8.627,8.026,8.014,0.900,0.000
6.880,8.624,8.029,8.016,0.900,0.000
6.890,8.621,8.024,8.016,0.900,0.000
6.900,8.627,8.021,8.014,0.900,0.000
6.910,8.624,8.026,8.016,0.900,0.000
6.920,8.621,8.024,8.014,0.900,0.000
6.930,8.624,8.024,8.016,0.900,0.000
6.940,8.621,8.024,8.016,0.900,0.000
6.950,8.627,8.024,8.016,0.900,0.000
6.960,8.621,8.024,8.014,0.900,0.000
6.970,8.621,8.026,8.011,0.900,0.000
6.980,8.624,8.021,8.014,0.900,0.000
6.990,8.627,8.021,8.016,0.900,0.000
7.000,8.633,8.026,8.014,0.900,0.000
7.010,8.624,8.024,8.019,0.900,0.000
7.020,8.624,8.026,8.021,0.900,0.000
7.030,8.621,8.021,8.014,0.900,0.000
7.040,8.624,8.019,8.014,0.900,0.000
7.050,8.624,8.021,8.014,0.900,0.000
7.060,8.624,8.024,8.008,0.900,0.000
7.070,8.619,8.026,8.011,0.900,0.000
7.080,8.627,8.024,8.019,0.900,0.000
7.090,8.624,8.024,8.014,0.900,0.000
7.100,8.624,8.026,8.016,0.900,0.000
7.110,8.624,8.021,8.014,0.900,0.000
7.120,8.624,8.024,8.011,0.900,0.000
7.130,8.624,8.024,8.014,0.900,0.000
7.140,8.621,8.024,8.019,0.900,0.000
7.150,8.621,8.026,8.019,0.900,0.000
7.160,8.627,8.024,8.011,0.900,0.000
7.170,8.624,8.026,8.016,0.900,0.000
7.180,8.624,8.024,8.011,0.900,0.000
7.190,8.624,8.024,8.014,0.900,0.000
7.200,8.627,8.026,8.014,0.900,0.000
7.210,8.627,8.024,8.014,0.900,0.000
7.220,8.621,8.024,8.016,0.900,0.000
7.230,8.624,8.021,8.011,0.900,0.000
7.240,8.624,8.021,8.011,0.900,0.000
7.250,8.624,8.021,8.014,0.900,0.000
7.260,8.627,8.026,8.014,0.900,0.000
7.270,8.621,8.026,8.016,0.900,0.000
7.280,0.000,0.000,0.000,0.900,0.000
7.290,8.624,8.024,8.014,0.900,0.000
7.300,8.621,8.019,8.014,0.900,0.000
7.310,8.624,8.026,8.016,0.900,0.000
7.320,8.627,8.021,8.011,0.900,0.000
7.330,8.624,8.021,8.014,0.900,0.000
7.340,8.627,8.026,8.016,0.900,0.000
7.350,8.627,8.026,8.016,0.900,0.000
7.360,8.624,8.024,8.014,0.900,0.000
7.370,8.624,8.024,8.014,0.900,0.000
7.380,8.624,8.026,8.014,0.900,0.000
7.390,8.624,8.021,8.014,0.900,0.000
7.400,8.624,8.024,8.014,0.900,0.000
7.410,8.627,8.026,8.011,0.900,0.000
7.420,8.627,8.029,8.011,0.900,0.000
7.430,8.624,8.029,8.016,0.900,0.000
7.440,8.627,8.021,8.014,0.900,0.000
7.450,8.621,8.026,8.014,0.900,0.000
7.460,8.630,8.021,8.014,0.900,0.000
7.470,8.624,8.026,8.016,0.900,0.000
7.480,8.627,8.029,8.016,0.900,0.000
7.490,8.621,8.026,8.014,0.900,0.000
7.500,8.624,8.021,8.014,0.900,0.000
7.510,8.630,8.024,8.016,0.900,0.000
7.520,8.627,8.024,8.016,0.900,0.000
7.530,8.627,8.021,8.011,0.900,0.000
7.540,8.630,8.024,8.016,0.900,0.000
7.550,8.627,8.026,8.019,0.900,0.000
7.560,8.621,8.026,8.014,0.900,0.000
7.570,8.624,8.021,8.016,0.900,0.000
7.580,8.624,8.024,8.011,0.900,0.000
7.590,8.627,8.024,8.011,0.900,0.000
7.600,8.621,8.021,8.016,0.900,0.000
7.610,8.624,8.024,8.011,0.900,0.000
7.620,8.624,8.024,8.014,0.900,0.000
7.630,8.621,8.029,8.014,0.900,0.000
7.640,8.627,8.021,8.011,0.900,0.000
7.650,8.624,8.024,8.016,0.900,0.000
7.660,8.624,8.024,8.014,0.900,0.000
7.670,8.621,8.024,8.011,0.900,0.000
7.680,8.624,8.026,8.016,0.900,0.000
7.690,8.624,8.024,8.019,0.900,0.000
7.700,8.624,8.024,8.016,0.900,0.000
7.710,8.621,8.021,8.016,0.900,0.000
7.720,8.624,8.024,8.016,0.900,0.000
7.730,8.630,8.024,8.014,0.900,0.000
7.740,8.621,8.024,8.011,0.900,0.000
7.750,8.627,8.026,8.019,0.900,0.000
7.760,8.624,8.026,8.019,0.900,0.000
7.770,8.621,8.024,8.016,0.900,0.000
7.780,8.627,8.024,8.011,0.900,0.000
7.790,8.624,8.024,8.016,0.900,0.000
7.800,8.621,8.026,8.014,0.900,0.000
7.810,8.621,8.026,8.019,0.900,0.000
7.820,8.624,8.021,8.016,0.900,0.000
7.830,8.627,8.021,8.014,0.900,0.000
7.840,8.624,8.024,8.014,0.900,0.000
7.850,8.621,8.026,8.016,0.900,0.000
7.860,8.624,8.024,8.014,0.900,0.000
7.870,8.621,8.024,8.016,0.900,0.000
7.880,8.624,8.026,8.014,0.900,0.000
7.890,8.621,8.024,8.016,0.900,0.000
7.900,8.624,8.024,8.011,0.900,0.000
7.910,8.621,8.024,8.016,0.900,0.000
7.920,8.627,8.024,8.011,0.900,0.000
7.930,8.624,8.024,8.008,0.900,0.000
7.940,8.627,8.024,8.016,0.900,0.000
7.950,8.624,8.024,8.019,0.900,0.000
7.960,8.624,8.024,8.014,0.900,0.000
7.970,8.627,8.026,8.011,0.900,0.000
7.980,8.621,8.024,8.011,0.900,0.000
7.990,8.621,8.026,8.014,0.900,0.000
8.000,8.624,8.026,8.014,0.900,0.000
8.010,8.621,8.024,8.016,0.900,0.000
8.020,8.627,8.029,8.016,0.900,0.000
8.030,8.624,8.024,8.014,0.900,0.000
8.040,8.624,8.019,8.014,0.900,0.000
8.050,8.624,8.024,8.014,0.900,0.000
8.060,8.624,8.026,8.011,0.900,0.000
8.070,8.624,8.024,8.014,0.900,0.000
8.080,8.624,8.021,8.014,0.900,0.000
8.090,8.627,8.024,8.011,0.900,0.000
8.100,8.624,8.024,8.014,0.900,0.000
8.110,8.624,8.024,8.014,0.900,0.000
8.120,8.619,8.026,8.011,0.900,0.000
8.130,8.627,8.026,8.014,0.900,0.000
8.140,8.624,8.026,8.016,0.900,0.000
8.150,8.627,8.029,8.016,0.900,0.000
8.160,8.624,8.024,8.016,0.900,0.000
8.170,8.627,8.024,8.011,0.900,0.000
8.180,8.627,8.026,8.014,0.900,0.000
8.190,8.624,8.026,8.011,0.900,0.000
8.200,8.624,8.024,8.014,0.900,0.000
8.210,8.621,8.021,8.014,0.900,0.000
8.220,8.624,8.026,8.016,0.900,0.000
8.230,8.624,8.026,8.014,0.900,0.000
8.240,8.627,8.026,8.014,0.900,0.000
8.250,8.627,8.024,8.016,0.900,0.000
8.260,8.627,8.026,8.011,0.900,0.000
8.270,8.619,8.024,8.011,0.900,0.000
8.280,8.624,8.024,8.014,0.900,0.000
8.290,8.627,8.029,8.016,0.900,0.000
8.300,8.621,8.029,8.016,0.900,0.000
8.310,8.624,8.021,8.014,0.900,0.000
8.320,8.619,8.024,8.014,0.900,0.000
8.330,8.627,8.024,8.014,0.900,0.000
8.340,8.627,8.026,8.014,0.900,0.000
8.350,8.624,8.026,8.021,0.900,0.000
8.360,8.624,8.024,8.016,0.900,0.000
8.370,8.627,8.026,8.011,0.900,0.000
8.380,8.619,8.021,8.014,0.900,0.000
8.390,8.624,8.024,8.014,0.900,0.000
8.400,8.630,8.021,8.011,0.900,0.000
8.410,8.619,8.024,8.016,0.900,0.000
8.420,8.624,8.026,8.019,0.900,0.000
8.430,8.624,8.024,8.014,0.900,0.000
8.440,8.624,8.019,8.011,0.900,0.000
8.450,8.627,8.019,8.011,0.900,0.000
8.460,8.621,8.024,8.011,0.900,0.000
8.470,8.624,8.026,8.014,0.900,0.000
8.480,8.624,8.026,8.016,0.900,0.000
8.490,8.624,8.021,8.014,0.900,0.000
8.500,8.621,8.024,8.014,0.900,0.000
8.510,8.621,8.024,8.014,0.900,0.000
8.520,8.624,8.021,8.014,0.900,0.000
8.530,8.621,8.021,8.011,0.900,0.000
8.540,8.621,8.024,8.016,0.900,0.000
8.550,8.627,8.026,8.016,0.900,0.000
8.560,8.624,8.026,8.014,0.900,0.000
8.570,8.624,8.024,8.011,0.900,0.000
8.580,8.621,8.026,8.008,0.900,0.000
8.590,8.624,8.024,8.016,0.900,0.000
8.600,8.624,8.021,8.011,0.900,0.000
8.610,8.621,8.029,8.011,0.900,0.000
8.620,8.621,8.026,8.014,0.900,0.000
8.630,8.624,8.021,8.011,0.900,0.000
8.640,8.624,8.024,8.011,0.900,0.000
8.650,8.624,8.026,8.016,0.900,0.000
8.660,8.619,8.024,8.014,0.900,0.000
8.670,8.621,8.026,8.014,0.900,0.000
8.680,8.627,8.026,8.016,0.900,0.000
8.690,8.627,8.021,8.016,0.900,0.000
8.700,8.630,8.024,8.016,0.900,0.000
8.710,8.621,8.024,8.014,0.900,0.000
8.720,8.627,8.024,8.011,0.900,0.000
8.730,8.627,8.021,8.014,0.900,0.000
8.740,8.627,8.024,8.016,0.900,0.000
8.750,8.624,8.024,8.014,0.900,0.000
8.760,8.624,8.024,8.016,0.900,0.000
8.770,8.624,8.024,8.014,0.900,0.000
8.780,8.621,8.021,8.014,0.900,0.000
8.790,8.621,8.024,8.014,0.900,0.000
8.800,8.621,8.024,8.011,0.900,0.000
8.810,8.621,8.024,8.014,0.900,0.000
8.820,8.627,8.026,8.019,0.900,0.000
8.830,8.621,8.029,8.014,0.900,0.000
8.840,8.621,8.021,8.011,0.900,0.000
8.850,8.624,8.024,8.011,0.900,0.000
8.860,8.624,8.024,8.016,0.900,0.000
8.870,8.621,8.026,8.019,0.900,0.000
8.880,8.621,8.026,8.016,0.900,0.000
8.890,8.624,8.026,8.016,0.900,0.000
8.900,8.627,8.021,8.011,0.900,0.000
8.910,8.627,8.021,8.011,0.900,0.000
8.920,8.624,8.026,8.014,0.900,0.000
8.930,8.621,8.019,8.014,0.900,0.000
8.940,8.624,8.026,8.016,0.900,0.000
8.950,8.621,8.031,8.016,0.900,0.000
8.960,8.627,8.024,8.014,0.900,0.000
8.970,8.621,8.026,8.011,0.900,0.000
8.980,8.624,8.021,8.011,0.900,0.000
8.990,8.621,8.026,8.014,0.900,0.000
9.000,8.627,8.029,8.014,0.900,0.000
9.010,8.619,8.026,8.016,0.900,0.000
9.020,8.624,8.026,8.019,0.900,0.000
9.030,8.627,8.024,8.016,0.900,0.000
9.040,8.624,8.021,8.016,0.900,0.000
9.050,8.624,8.026,8.011,0.900,0.000
9.060,8.624,8.024,8.011,0.900,0.000
9.070,8.624,8.021,8.014,0.900,0.000
9.080,8.627,8.024,8.019,0.900,0.000
9.090,8.627,8.024,8.014,0.900,0.000
9.100,8.624,8.024,8.011,0.900,0.000
9.110,8.621,8.026,8.014,0.900,0.000
9.120,8.624,8.026,8.016,0.900,0.000
9.130,8.627,8.024,8.014,0.900,0.000
9.140,8.627,8.024,8.014,0.900,0.000
9.150,8.627,8.029,8.014,0.900,0.000
9.160,8.627,8.024,8.014,0.900,0.000
9.170,8.621,8.024,8.016,0.900,0.000
9.180,8.624,8.024,8.016,0.900,0.000
9.190,8.621,8.024,8.011,0.900,0.000
9.200,8.621,8.024,8.008,0.900,0.000
9.210,8.627,8.024,8.016,0.900,0.000
9.220,8.627,8.024,8.019,0.900,0.000
9.230,8.627,8.026,8.019,0.900,0.000
9.240,8.624,8.029,8.014,0.900,0.000
9.250,8.624,8.026,8.014,0.900,0.000
9.260,8.624,8.024,8.011,0.900,0.000
9.270,8.624,8.019,8.014,0.900,0.000
9.280,8.630,8.021,8.014,0.900,0.000
9.290,8.627,8.024,8.019,0.900,0.000
9.300,8.627,8.026,8.014,0.900,0.000
9.310,8.624,8.021,8.014,0.900,0.000
9.320,8.621,8.019,8.011,0.900,0.000
9.330,8.621,8.024,8.014,0.900,0.000
9.340,8.624,8.024,8.014,0.900,0.000
9.350,8.624,8.029,8.016,0.900,0.000
9.360,8.627,8.024,8.019,0.900,0.000
9.370,8.627,8.019,8.014,0.900,0.000
9.380,8.624,8.026,8.014,0.900,0.000
9.390,8.624,8.024,8.011,0.900,0.000
9.400,8.627,8.024,8.011,0.900,0.000
9.410,8.624,8.029,8.016,0.900,0.000
9.420,8.624,8.024,8.016,0.900,0.000
9.430,8.627,8.021,8.014,0.900,0.000
9.440,8.624,8.024,8.016,0.900,0.000
9.450,8.627,8.026,8.011,0.900,0.000
9.460,8.621,8.024,8.014,0.900,0.000
9.470,8.621,8.024,8.014,0.900,0.000
9.480,8.624,8.026,8.016,0.900,0.000
9.490,8.627,8.024,8.014,0.900,0.000
9.500,8.621,8.026,8.019,0.900,0.000
9.510,8.630,8.021,8.014,0.900,0.000
9.520,8.624,8.021,8.016,0.900,0.000
9.530,8.624,8.024,8.008,0.900,0.000
9.540,8.624,8.029,8.014,0.900,0.000
9.550,8.627,8.024,8.016,0.900,0.000
9.560,8.624,8.024,8.014,0.900,0.000
9.570,8.624,8.026,8.006,0.900,0.000
9.580,8.624,8.021,8.014,0.900,0.000
9.590,8.624,8.024,8.016,0.900,0.000
9.600,8.624,8.026,8.014,0.900,0.000
9.610,8.627,8.026,8.014,0.900,0.000
9.620,8.624,8.026,8.019,0.900,0.000
9.630,8.624,8.024,8.014,0.900,0.000
9.640,8.627,8.024,8.014,0.900,0.000
9.650,8.627,8.021,8.008,0.900,0.000
9.660,8.630,8.024,8.011,0.900,0.000
9.670,8.627,8.026,8.016,0.900,0.000
9.680,8.624,8.026,8.014,0.900,0.000
9.690,8.624,8.026,8.019,0.000,0.000
9.700,8.627,8.019,8.014,0.900,0.000
9.710,8.624,8.024,8.014,0.900,0.000
9.720,8.627,8.026,8.011,0.900,0.000
9.730,8.624,8.021,8.014,0.900,0.000
9.740,8.627,8.026,8.019,0.900,0.000
9.750,8.624,8.026,8.016,0.900,0.000
9.760,8.619,8.026,8.019,0.900,0.000
9.770,8.624,8.024,8.014,0.900,0.000
9.780,8.624,8.029,8.016,0.900,0.000
9.790,8.621,8.026,8.014,0.900,0.000
9.800,8.630,8.026,8.016,0.900,0.000
9.810,8.619,8.024,8.014,0.900,0.000
9.820,8.624,8.026,8.016,0.900,0.000
9.830,8.627,8.026,8.011,0.900,0.000
9.840,8.627,8.024,8.014,0.900,0.000
9.850,8.621,8.026,8.011,0.900,0.000
9.860,8.624,8.021,8.019,0.900,0.000
9.870,8.627,8.026,8.008,0.900,0.000
9.880,8.627,8.024,8.011,0.900,0.000
9.890,8.624,8.029,8.016,0.900,0.000
9.900,8.624,8.021,8.011,0.900,0.000
9.910,8.624,8.021,8.011,0.900,0.000
9.920,8.624,8.019,8.014,0.900,0.000
9.930,8.621,8.026,8.014,0.900,0.000
9.940,8.624,8.024,8.019,0.900,0.000
9.950,8.621,8.029,8.016,0.900,0.000
9.960,8.621,8.021,8.019,0.900,0.000
9.970,8.627,8.024,8.014,0.900,0.000
9.980,8.624,8.024,8.016,0.900,0.000
9.990,8.621,8.024,8.011,0.900,0.000
10.000,8.630,8.026,8.008,0.900,0.000
10.010,8.624,8.026,8.016,0.900,0.000
10.020,8.621,8.026,8.019,0.900,0.000
10.030,8.621,8.026,8.011,0.900,0.000
10.040,8.630,8.021,8.014,0.900,0.000
10.050,8.627,8.024,8.014,0.900,0.000
10.060,8.624,8.021,8.011,0.900,0.000
10.070,8.627,8.029,8.014,0.900,0.000
10.080,8.627,8.024,8.016,0.900,0.000
10.090,8.624,8.026,8.014,0.900,0.000
10.100,8.621,8.029,8.014,0.900,0.000
10.110,8.621,8.024,8.014,0.900,0.000
10.120,8.624,8.026,8.011,0.900,0.000
10.130,8.621,8.021,8.011,0.900,0.000
10.140,8.624,8.021,8.014,0.900,0.000
10.150,8.624,8.024,8.011,0.900,0.000
10.160,8.624,8.024,8.014,0.900,0.000
10.170,8.621,8.024,8.014,0.900,0.000
10.180,8.627,8.024,8.014,0.900,0.000
10.190,8.627,8.024,8.011,0.900,0.000
10.200,8.624,8.021,8.014,0.900,0.000
10.210,8.627,8.019,8.014,0.900,0.000
10.220,8.621,8.026,8.016,0.900,0.000
10.230,8.624,8.024,8.014,0.900,0.000
10.240,8.621,8.024,8.014,0.900,0.000
10.250,8.624,8.024,8.014,0.900,0.000
10.260,8.621,8.029,8.014,0.900,0.000
10.270,8.627,8.026,8.019,0.900,0.000
10.280,8.627,8.024,8.016,0.900,0.000
10.290,8.621,8.026,8.016,0.900,0.000
10.300,0.000,0.000,0.000,0.900,0.000
10.310,8.624,8.024,8.014,0.900,0.000
10.320,8.621,8.026,8.011,0.900,0.000
10.330,8.621,8.024,8.014,0.900,0.000
10.340,8.624,8.026,8.014,0.900,0.000
10.350,8.627,8.021,8.014,0.900,0.000
10.360,8.624,8.026,8.019,0.900,0.000
10.370,8.627,8.024,8.016,0.900,0.000
10.380,8.624,8.026,8.014,0.900,0.000
10.390,8.624,8.024,8.014,0.900,0.000
10.400,8.621,8.029,8.011,0.900,0.000
10.410,8.621,8.026,8.011,0.900,0.000
10.420,8.624,8.024,8.016,0.900,0.000
10.430,8.624,8.026,8.019,0.900,0.000
10.440,8.621,8.026,8.014,0.900,0.000
10.450,8.627,8.024,8.014,0.900,0.000
10.460,8.624,8.026,8.008,0.900,0.000
10.470,8.624,8.021,8.014,0.900,0.000
10.480,8.621,8.026,8.011,0.900,0.000
10.490,8.627,8.024,8.014,0.900,0.000
10.500,8.621,8.029,8.016,0.900,0.000
10.510,8.624,8.024,8.014,0.900,0.000
10.520,8.624,8.021,8.008,0.900,0.000
10.530,8.627,8.021,8.008,0.900,0.000
10.540,8.630,8.026,8.014,0.900,0.000
10.550,8.624,8.024,8.011,0.900,0.000
10.560,8.627,8.026,8.019,0.900,0.000
10.570,8.630,8.024,8.014,0.900,0.000
10.580,8.624,8.021,8.014,0.900,0.000
10.590,8.624,8.021,8.014,0.900,0.000
10.600,8.624,8.026,8.011,0.900,0.000
10.610,8.624,8.019,8.016,0.900,0.000
10.620,8.621,8.026,8.016,0.900,0.000
10.630,8.627,8.026,8.021,0.900,0.000
10.640,8.627,8.026,8.016,0.900,0.000
10.650,8.624,8.026,8.014,0.900,0.000
10.660,8.627,8.021,8.016,0.900,0.000
10.670,8.627,8.029,8.011,0.900,0.000
10.680,8.630,8.024,8.014,0.900,0.000
10.690,8.624,8.024,8.011,0.900,0.000
10.700,8.624,8.021,8.014,0.900,0.000
10.710,8.627,8.024,8.014,0.900,0.000
10.720,8.627,8.024,8.016,0.900,0.000
10.730,8.627,8.024,8.014,0.900,0.000
10.740,8.624,8.024,8.014,0.900,0.000
10.750,8.621,8.024,8.014,0.900,0.000
10.760,8.621,8.026,8.014,0.900,0.000
10.770,8.624,8.026,8.011,0.900,0.000
10.780,8.624,8.026,8.014,0.900,0.000
10.790,8.624,8.021,8.011,0.900,0.000
10.800,8.627,8.024,8.014,0.900,0.000
10.810,8.621,8.024,8.014,0.900,0.000
10.820,8.630,8.026,8.016,0.900,0.000
10.830,8.621,8.021,8.011,0.900,0.000
10.840,8.627,8.021,8.014,0.900,0.000
10.850,8.627,8.026,8.014,0.900,0.000
10.860,8.624,8.026,8.011,0.900,0.000
10.870,8.627,8.024,8.014,0.900,0.000
10.880,8.627,8.024,8.014,0.900,0.000
10.890,8.624,8.026,8.011,0.900,0.000
10.900,8.621,8.021,8.016,0.900,0.000
10.910,8.624,8.024,8.014,0.900,0.000
10.920,8.624,8.026,8.008,0.900,0.000
10.930,8.624,8.024,8.014,0.900,0.000
10.940,8.630,8.026,8.014,0.900,0.000
10.950,8.624,8.029,8.016,0.900,0.000
10.960,8.630,8.026,8.016,0.900,0.000
10.970,8.627,8.021,8.016,0.900,0.000
10.980,8.624,8.026,8.011,0.900,0.000
10.990,8.627,8.026,8.011,0.900,0.000
11.000,8.621,8.024,8.016,0.900,0.000
11.010,8.624,8.021,8.011,0.900,0.000
11.020,8.624,8.029,8.014,0.900,0.000
11.030,8.624,8.026,8.014,0.900,0.000
11.040,8.624,8.021,8.014,0.900,0.000
11.050,8.621,8.021,8.011,0.900,0.000
11.060,8.627,8.024,8.014,0.900,0.000
11.070,8.627,8.024,8.014,0.900,0.000
11.080,8.624,8.021,8.014,0.900,0.000
11.090,8.624,8.024,8.019,0.900,0.000
11.100,8.624,8.024,8.011,0.900,0.000
11.110,8.627,8.021,8.016,0.900,0.000
11.120,8.624,8.024,8.014,0.900,0.000
11.130,8.624,8.024,8.011,0.900,0.000
11.140,8.627,8.024,8.011,0.900,0.000
11.150,8.627,8.026,8.014,0.900,0.000
11.160,8.624,8.029,8.014,0.900,0.000
11.170,8.624,8.026,8.014,0.900,0.000
11.180,8.624,8.024,8.014,0.900,0.000
11.190,8.624,8.024,8.014,0.900,0.000
11.200,8.627,8.024,8.008,0.900,0.000
11.210,8.624,8.019,8.011,0.900,0.000
11.220,8.627,8.026,8.014,0.900,0.000
11.230,8.624,8.026,8.016,0.900,0.000
11.240,8.627,8.026,8.016,0.900,0.000
11.250,8.621,8.021,8.011,0.900,0.000
11.260,8.624,8.026,8.019,0.900,0.000
11.270,8.624,8.024,8.011,0.900,0.000
11.280,8.630,8.024,8.014,0.900,0.000
11.290,8.624,8.026,8.016,0.900,0.000
11.300,8.619,8.024,8.014,0.900,0.000
11.310,8.627,8.021,8.011,0.900,0.000
11.320,8.624,8.026,8.008,0.900,0.000
11.330,8.624,8.026,8.011,0.900,0.000
11.340,8.627,8.021,8.014,0.900,0.000
11.350,8.624,8.024,8.014,0.900,0.000
11.360,8.630,8.024,8.016,0.900,0.000
11.370,8.624,8.026,8.014,0.900,0.000
11.380,8.624,8.021,8.014,0.900,0.000
11.390,8.624,8.026,8.014,0.900,0.000
11.400,8.627,8.021,8.011,0.900,0.000
11.410,8.627,8.026,8.014,0.900,0.000
11.420,8.624,8.026,8.016,0.900,0.000
11.430,8.621,8.024,8.016,0.900,0.000
11.440,8.630,8.026,8.016,0.900,0.000
11.450,8.621,8.024,8.014,0.900,0.000
11.460,8.624,8.026,8.016,0.900,0.000
11.470,8.627,8.024,8.016,0.900,0.000
11.480,8.624,8.026,8.016,0.900,0.000
11.490,8.621,8.026,8.014,0.900,0.000
11.500,8.624,8.024,8.014,0.900,0.000
11.510,8.624,8.024,8.014,0.900,0.000
11.520,8.627,8.024,8.014,0.900,0.000
11.530,8.627,8.026,8.014,0.900,0.000
11.540,8.627,8.024,8.006,0.900,0.000
11.550,8.624,8.021,8.014,0.900,0.000
11.560,8.627,8.024,8.014,0.900,0.000
11.570,8.630,8.026,8.014,0.900,0.000
11.580,8.621,8.021,8.014,0.900,0.000
11.590,8.624,8.021,8.011,0.900,0.000
11.600,8.624,8.024,8.011,0.900,0.000
11.610,8.621,8.024,8.011,0.900,0.000
11.620,8.624,8.024,8.014,0.900,0.000
11.630,8.627,8.024,8.016,0.900,0.000
11.640,8.624,8.026,8.016,0.900,0.000
11.650,8.621,8.021,8.014,0.900,0.000
11.660,8.627,8.024,8.014,0.900,0.000
11.670,8.624,8.024,8.011,0.900,0.000
11.680,8.624,8.024,8.016,0.900,0.000
11.690,8.624,8.026,8.014,0.900,0.000
11.700,8.627,8.024,8.014,0.900,0.000
11.710,8.624,8.026,8.011,0.900,0.000
11.720,8.624,8.024,8.014,0.900,0.000
11.730,8.621,8.021,8.016,0.900,0.000
11.740,8.621,8.021,8.011,0.900,0.000
11.750,8.621,8.026,8.014,0.900,0.000
11.760,8.627,8.024,8.016,0.900,0.000
11.770,8.621,8.024,8.016,0.900,0.000
11.780,8.624,8.024,8.014,0.900,0.000
11.790,8.627,8.024,8.011,0.900,0.000
11.800,8.627,8.024,8.016,0.900,0.000
11.810,8.624,8.024,8.014,0.900,0.000
11.820,8.624,8.029,8.014,0.900,0.000
11.830,8.630,8.024,8.016,0.900,0.000
11.840,8.624,8.021,8.016,0.900,0.000
11.850,8.624,8.026,8.011,0.900,0.000
11.860,8.630,8.019,8.011,0.900,0.000
11.870,8.627,8.024,8.011,0.900,0.000
11.880,8.621,8.024,8.014,0.900,0.000
11.890,8.627,8.026,8.016,0.900,0.000
11.900,8.621,8.024,8.014,0.900,0.000
11.910,8.624,8.024,8.014,0.900,0.000
11.920,8.624,8.021,8.011,0.900,0.000
11.930,8.630,8.024,8.014,0.900,0.000
11.940,8.624,8.021,8.011,0.900,0.000
11.950,8.624,8.024,8.016,0.900,0.000
11.960,8.627,8.031,8.019,0.900,0.000
11.970,8.624,8.021,8.019,0.900,0.000
11.980,8.627,8.021,8.016,0.900,0.000
11.990,8.624,8.024,8.008,0.900,0.000
12.000,8.624,8.021,8.011,0.900,0.000
12.010,8.627,8.024,8.016,0.900,0.000
12.020,8.621,8.021,8.016,0.900,0.000
12.030,8.621,8.024,8.014,0.900,0.000
12.040,8.621,8.026,8.016,0.900,0.000
12.050,8.627,8.019,8.011,0.900,0.000
12.060,8.621,8.029,8.019,0.900,0.000
12.070,8.621,8.021,8.011,0.900,0.000
12.080,8.630,8.024,8.014,0.900,0.000
12.090,8.627,8.024,8.016,0.900,0.000
12.100,8.621,8.026,8.019,0.900,0.000
12.110,8.624,8.021,8.011,0.900,0.000
12.120,8.627,8.021,8.016,0.900,0.000
12.130,8.621,8.026,8.014,0.900,0.000
12.140,8.624,8.024,8.014,0.900,0.000
12.150,8.624,8.024,8.014,0.900,0.000
12.160,8.624,8.021,8.014,0.900,0.000
12.170,8.627,8.024,8.016,0.900,0.000
12.180,8.627,8.024,8.011,0.900,0.000
12.190,8.621,8.029,8.014,0.900,0.000
12.200,8.624,8.024,8.014,0.900,0.000
12.210,8.624,8.026,8.011,0.900,0.000
12.220,8.619,8.026,8.019,0.900,0.000
12.230,8.627,8.024,8.016,0.900,0.000
12.240,8.624,8.026,8.014,0.900,0.000
12.250,8.627,8.024,8.011,0.900,0.000
12.260,8.627,8.021,8.011,0.900,0.000
12.270,8.627,8.026,8.011,0.900,0.000
12.280,8.624,8.024,8.016,0.900,0.000
12.290,8.624,8.026,8.016,0.900,0.000
12.300,8.630,8.026,8.019,0.900,0.000
12.310,8.624,8.029,8.014,0.900,0.000
12.320,8.627,8.024,8.014,0.900,0.000
12.330,8.624,8.024,8.016,0.900,0.000
12.340,8.624,8.026,8.011,0.900,0.000
12.350,8.627,8.024,8.016,0.900,0.000
12.360,8.621,8.026,8.014,0.900,0.000
12.370,8.621,8.024,8.014,0.900,0.000
12.380,8.621,8.026,8.008,0.900,0.000
12.390,8.624,8.021,8.014,0.900,0.000
12.400,8.621,8.024,8.016,0.900,0.000
12.410,8.627,8.021,8.014,0.900,0.000
12.420,8.624,8.026,8.014,0.900,0.000
12.430,8.621,8.026,8.014,0.900,0.000
12.440,8.621,8.026,8.019,0.900,0.000
12.450,8.624,8.026,8.016,0.900,0.000
12.460,8.624,8.024,8.014,0.900,0.000
12.470,8.624,8.024,8.014,0.900,0.000
12.480,8.624,8.024,8.011,0.900,0.000
12.490,8.627,8.029,8.016,0.900,0.000
12.500,8.624,8.026,8.011,0.900,0.000
12.510,8.621,8.024,8.014,0.900,0.000
12.520,8.624,8.026,8.011,0.900,0.000
12.530,8.624,8.024,8.011,0.900,0.000
12.540,8.627,8.029,8.014,0.900,0.000
12.550,8.627,8.026,8.019,0.900,0.000
12.560,8.627,8.024,8.016,0.900,0.000
12.570,8.624,8.026,8.014,0.900,0.000
12.580,8.624,8.021,8.014,0.900,0.000
12.590,8.624,8.026,8.014,0.900,0.000
12.600,8.627,8.024,8.008,0.900,0.000
12.610,8.627,8.024,8.011,0.900,0.000
12.620,8.621,8.026,8.014,0.900,0.000
12.630,8.627,8.026,8.016,0.900,0.000
12.640,8.627,8.024,8.014,0.900,0.000
12.650,8.627,8.021,8.014,0.900,0.000
12.660,8.624,8.021,8.016,0.900,0.000
12.670,8.627,8.024,8.014,0.900,0.000
12.680,8.627,8.021,8.014,0.900,0.000
12.690,8.624,8.024,8.016,0.900,0.000
12.700,8.624,8.026,8.016,0.900,0.000
12.710,8.630,8.024,8.011,0.900,0.000
12.720,8.627,8.024,8.014,0.900,0.000
12.730,8.627,8.021,8.014,0.900,0.000
12.740,8.627,8.026,8.014,0.900,0.000
12.750,8.624,8.021,8.016,0.900,0.000
12.760,8.621,8.026,8.019,0.900,0.000
12.770,8.624,8.026,8.011,0.900,0.000
12.780,8.627,8.026,8.014,0.900,0.000
12.790,8.621,8.024,8.014,0.900,0.000
12.800,8.627,8.024,8.014,0.900,0.000
12.810,8.627,8.026,8.011,0.900,0.000
12.820,8.624,8.024,8.016,0.900,0.000
12.830,8.624,8.026,8.016,0.900,0.000
12.840,8.624,8.024,8.014,0.900,0.000
12.850,8.627,8.026,8.011,0.900,0.000
12.860,8.627,8.024,8.011,0.900,0.000
12.870,8.627,8.024,8.008,0.900,0.000
12.880,8.624,8.026,8.011,0.900,0.000
12.890,8.624,8.024,8.014,0.900,0.000
12.900,8.627,8.029,8.016,0.900,0.000
12.910,8.624,8.024,8.014,0.900,0.000
12.920,8.621,8.024,8.014,0.900,0.000
12.930,8.624,8.021,8.019,0.900,0.000
12.940,8.624,8.026,8.016,0.900,0.000
12.950,8.630,8.029,8.016,0.900,0.000
12.960,8.621,8.029,8.011,0.900,0.000
12.970,8.624,8.026,8.014,0.900,0.000
12.980,8.627,8.026,8.011,0.900,0.000
12.990,8.624,8.026,8.014,0.900,0.000
13.000,8.624,8.026,8.008,0.900,0.000
13.010,8.624,8.021,8.014,0.900,0.000
13.020,8.627,8.024,8.019,0.900,0.000
13.030,8.624,8.026,8.016,0.900,0.000
13.040,8.619,8.024,8.019,0.900,0.000
13.050,8.624,8.019,8.008,0.900,0.000
13.060,8.624,8.021,8.014,0.900,0.000
13.070,8.627,8.026,8.011,0.900,0.000
13.080,8.627,8.024,8.014,0.900,0.000
13.090,8.627,8.026,8.016,0.900,0.000
13.100,8.627,8.026,8.016,0.900,0.000
13.110,8.621,8.021,8.016,0.900,0.000
13.120,8.627,8.024,8.014,0.900,0.000
13.130,8.627,8.026,8.014,0.900,0.000
13.140,8.621,8.026,8.014,0.900,0.000
13.150,8.624,8.024,8.014,0.900,0.000
13.160,8.627,8.024,8.014,0.900,0.000
13.170,8.624,8.026,8.014,0.900,0.000
13.180,8.624,8.024,8.014,0.900,0.000
13.190,8.624,8.021,8.014,0.900,0.000
13.200,8.621,8.024,8.014,0.900,0.000
13.210,8.627,8.021,8.011,0.900,0.000
13.220,8.630,8.024,8.014,0.900,0.000
13.230,8.624,8.024,8.016,0.900,0.000
13.240,8.627,8.021,8.016,0.900,0.000
13.250,8.630,8.026,8.014,0.900,0.000
13.260,8.627,8.024,8.016,0.900,0.000
13.270,8.627,8.026,8.014,0.900,0.000
13.280,8.619,8.026,8.014,0.900,0.000
13.290,8.624,8.026,8.016,0.900,0.000
13.300,8.624,8.021,8.014,0.000,0.000
13.310,8.624,8.024,8.014,0.900,0.000
13.320,8.624,8.026,8.016,0.900,0.000
13.330,8.627,8.024,8.014,0.900,0.000
13.340,8.627,8.024,8.011,0.900,0.000
13.350,8.624,8.026,8.011,0.900,0.000
13.360,8.627,8.029,8.016,0.900,0.000
13.370,8.624,8.026,8.014,0.900,0.000
13.380,8.621,8.021,8.008,0.900,0.000
13.390,8.621,8.026,8.014,0.900,0.000
13.400,8.621,8.026,8.011,0.900,0.000
13.410,8.627,8.024,8.014,0.900,0.000
13.420,8.624,8.024,8.011,0.900,0.000
13.430,8.624,8.024,8.016,0.900,0.000
13.440,8.624,8.026,8.014,0.900,0.000
13.450,8.621,8.026,8.014,0.900,0.000
13.460,8.621,8.026,8.011,0.900,0.000
13.470,8.621,8.024,8.011,0.900,0.000
13.480,8.624,8.024,8.011,0.900,0.000
13.490,8.624,8.024,8.014,0.900,0.000
13.500,8.624,8.024,8.016,0.900,0.000
13.510,8.627,8.024,8.014,0.900,0.000
13.520,8.624,8.026,8.014,0.900,0.000
13.530,8.630,8.024,8.011,0.900,0.000
13.540,8.621,8.024,8.011,0.900,0.000
13.550,8.624,8.021,8.016,0.900,0.000
13.560,8.627,8.026,8.019,0.900,0.000
13.570,8.627,8.024,8.019,0.900,0.000
13.580,8.624,8.024,8.014,0.900,0.000
13.590,8.624,8.024,8.014,0.900,0.000
13.600,8.624,8.024,8.014,0.900,0.000
13.610,8.621,8.024,8.014,0.900,0.000
13.620,8.621,8.029,8.016,0.900,0.000
13.630,8.627,8.026,8.016,0.900,0.000
13.640,8.624,8.029,8.014,0.900,0.000
13.650,8.624,8.024,8.016,0.900,0.000
13.660,8.621,8.021,8.014,0.900,0.000
13.670,8.624,8.026,8.011,0.900,0.000
13.680,8.621,8.029,8.011,0.900,0.000
13.690,8.624,8.024,8.016,0.900,0.000
13.700,8.627,8.026,8.014,0.900,0.000
13.710,8.630,8.024,8.014,0.900,0.000
13.720,8.627,8.021,8.014,0.900,0.000
13.730,8.624,8.024,8.014,0.900,0.000
13.740,8.624,8.026,8.014,0.900,0.000
13.750,8.627,8.024,8.014,0.900,0.000
13.760,8.621,8.024,8.016,0.900,0.000
13.770,8.624,8.024,8.016,0.900,0.000
13.780,8.627,8.026,8.011,0.900,0.000
13.790,8.627,8.024,8.011,0.900,0.000
13.800,8.621,8.024,8.011,0.900,0.000
13.810,8.627,8.024,8.011,0.900,0.000
13.820,8.621,8.021,8.016,0.900,0.000
13.830,8.624,8.026,8.016,0.900,0.000
13.840,8.624,8.021,8.014,0.900,0.000
13.850,8.621,8.021,8.014,0.900,0.000
13.860,8.627,8.021,8.011,0.900,0.000
13.870,8.627,8.019,8.019,0.900,0.000
13.880,8.630,8.026,8.016,0.900,0.000
13.890,8.624,8.021,8.016,0.900,0.000
13.900,8.627,8.026,8.014,0.900,0.000
13.910,0.000,0.000,0.000,0.900,0.000
13.920,8.627,8.024,8.019,0.900,0.000
13.930,8.621,8.024,8.016,0.900,0.000
13.940,8.630,8.024,8.016,0.900,0.000
13.950,8.624,8.026,8.011,0.900,0.000
13.960,8.627,8.024,8.014,0.900,0.000
13.970,8.624,8.026,8.016,0.900,0.000
13.980,8.624,8.024,8.016,0.900,0.000
13.990,8.624,8.026,8.014,0.900,0.000
14.000,8.624,8.026,8.011,0.900,0.000
14.010,8.621,8.024,8.011,0.900,0.000
14.020,8.621,8.024,8.016,0.900,0.000
14.030,8.624,8.024,8.014,0.900,0.000
14.040,8.627,8.029,8.016,0.900,0.000
14.050,8.624,8.026,8.014,0.900,0.000
14.060,8.624,8.024,8.016,0.900,0.000
14.070,8.627,8.024,8.011,0.900,0.000
14.080,8.624,8.024,8.011,0.900,0.000
14.090,8.624,8.021,8.016,0.900,0.000
14.100,8.621,8.024,8.016,0.900,0.000
14.110,8.624,8.026,8.014,0.900,0.000
14.120,8.624,8.021,8.014,0.900,0.000
14.130,8.627,8.024,8.016,0.900,0.000
14.140,8.624,8.021,8.014,0.900,0.000
14.150,8.627,8.021,8.011,0.900,0.000
14.160,8.627,8.021,8.011,0.900,0.000
14.170,8.624,8.029,8.011,0.900,0.000
14.180,8.627,8.024,8.014,0.900,0.000
14.190,8.627,8.024,8.014,0.900,0.000
14.200,8.627,8.024,8.011,0.900,0.000
14.210,8.624,8.026,8.011,0.900,0.000
14.220,8.627,8.021,8.011,0.900,0.000
14.230,8.627,8.024,8.016,0.900,0.000
14.240,8.627,8.026,8.014,0.900,0.000
14.250,8.627,8.021,8.016,0.900,0.000
14.260,8.627,8.024,8.014,0.900,0.000
14.270,8.624,8.026,8.011,0.900,0.000
14.280,8.621,8.024,8.011,0.900,0.000
14.290,8.630,8.024,8.011,0.900,0.000
14.300,8.624,8.026,8.016,0.900,0.000
14.310,8.627,8.026,8.014,0.900,0.000
14.320,8.624,8.024,8.014,0.900,0.000
14.330,8.624,8.024,8.016,0.900,0.000
14.340,8.627,8.026,8.011,0.900,0.000
14.350,8.624,8.024,8.011,0.900,0.000
14.360,8.621,8.021,8.014,0.900,0.000
14.370,8.624,8.026,8.019,0.900,0.000
14.380,8.624,8.026,8.014,0.900,0.000
14.390,8.624,8.024,8.016,0.900,0.000
14.400,8.624,8.024,8.014,0.900,0.000
14.410,8.627,8.024,8.016,0.900,0.000
14.420,8.627,8.024,8.011,0.900,0.000
14.430,8.624,8.024,8.019,0.900,0.000
14.440,8.624,8.024,8.014,0.900,0.000
14.450,8.624,8.029,8.016,0.900,0.000
14.460,8.624,8.026,8.014,0.900,0.000
14.470,8.624,8.026,8.011,0.900,0.000
14.480,8.624,8.024,8.011,0.900,0.000
